Nombre,CIF,Calle,Ciudad,País,Prefijo,Teléfono,Email
Tecnología Educativa,Wty88980932,26461 Michael Wall Apt. 809,Madrid,España,+34,535 476 5080,contacto@tecnologiaeducativa.com
Educación a Distancia,Pjh72138923,51623 Wendy Garden,Barcelona,España,+34,245 419 6636,info@educacionadistancia.com
Clases en Línea,hrE60221766,284 Wallace Canyon Apt. 290,Valencia,España,+34,817 242 6964,soporte@clasesenlinea.com
Aprendizaje Interactivo,Fqk18965674,4023 Romero Grove,Sevilla,España,+34,549 177 5114,info@aprendizajeinteractivo.com
Educación Online,fOL42178579,9977 Ian Junctions,Zaragoza,España,+34,038 096 2294,contacto@educaciononline.com
Campus Virtual,Pyh64524100,7596 Christopher Manor Apt. 238,Málaga,España,+34,488 356 3292,info@campusvirtual.com
Formación Digital,RnF27732590,02568 Jamie Ridges,Bilbao,España,+34,273 571 1776,contacto@formaciondigital.com
Plataforma Educativa,bjS29986410,6423 Nancy Circle,Alicante,España,+34,882 110 2842,info@plataformaeducativa.com
E-learning España,tKm39696530,58866 Cook Parks Suite 950,Córdoba,España,+34,401 529 9274,contacto@elearningespana.com
Aula Virtual,SaB45437744,15748 Sheppard Meadow,Valladolid,España,+34,781 905 2525,info@aulavirtual.com
Adobe Inc,VPO58123960,96967 Megan Junction,París,Francia,+33,429 247 4041,support@adobe.com
Dell Technologies,KXs63011652,451 Mack Canyon Suite 211,Londres,Reino Unido,+44,834 570 0040,info@dell.com
HP Inc,yKb76388350,9668 Flowers Ways Suite 919,Berlín,Alemania,+49,630 526 6252,support@hp.com
IBM,NRV48975374,5712 Alejandra Burgs Suite 666,Roma,Italia,+39,828 669 0892,info@ibm.com
Cisco Systems,WcL67234783,9733 Thomas Harbor Apt. 532,Lisboa,Portugal,+351,570 411 1316,support@cisco.com
Huawei Technologies,zIZ12193533,2921 Barbara Valley Suite 081,Ámsterdam,Países Bajos,+31,080 406 7404,info@huawei.com
Sony Corporation,iet66040540,6943 Robert Light,Bruselas,Bélgica,+32,198 014 9998,support@sony.com
LG Corporation,ahh25521101,5936 Yvonne Summit,Buenos Aires,Argentina,+54,945 638 8044,info@lg.com
Samsung Electronics,dvz85711104,1101 Trevor Roads,Santiago,Chile,+56,120 408 9127,support@samsung.com
Apple Inc,zjU25923533,9882 Daniel Course,Ciudad de México,México,+52,348 286 6186,support@apple.com
